{
  "businessName": "DJ MafioSo",
  "tagline": "From the Street to the suit, one DJ MafioSo is all you need!",
  "description": "DJ Mafioso – B.I.G MAF10SO   Versatile DJ | Producer | OKC • MX  I’m DJ Mafioso, the guy who keeps the energy locked in from the moment the lights drop. I don’t do predictable sets. I dig deep into crates, pull from hip-hop roots, Latin rhythms, reggae vibes, soulful breaks, funk, and electronic pulses—then blend them in ways that catch everyone off guard and keep the dancefloor moving all night.  Whether it’s $2 Tuesdays at Fore Play Sports Bar turning into a full-blown party, SOB ATL weeknight takeovers, Boiler Room nights, or Millennium Lounge shut-downs, or hosting the DJ battles at Chronic Lounge, I bring the all fire: no smoke, no filler, pure intention, and a vibe that feels like it’s built for the moment.  I’m the official DJ for @xclusiv_promotions and I stay booked because I read the room every time—high-energy club crowds or upscale private events, I deliver the exact sound that makes the night unforgettable.  From OKC to MX and everywhere in between, I’m here to make your event, party, or night legendary. Get in where ya fit in playa This years price aint last years price, and this years schedule aint last years schedule.",
  "phone": "(405) 774-1619",
  "email": "djmaf10so@yahoo.com",
  "website": "",
  "address": "Find me where the crowd is!",
  "city": "",
  "state": "",
  "zip": "",
  "socialMedia": {
    "facebook": "https://www.facebook.com/alex.scott.491548/",
    "instagram": "https://www.instagram.com/deejaymaf10so/",
    "twitter": "",
    "youtube": "",
    "tiktok": "https://www.tiktok.com/@djmaf10so?_r=1&_t=ZT-93pDmG2YnRl",
    "linkedin": ""
  },
  "businessHours": "Where is the party? Im open then.",
  "ctaText": "",
  "ctaUrl": "",
  "colors": {
    "primary": "#100f0f",
    "secondary": "#666666",
    "accent": "#66a3ff"
  },
  "externalMediaUrl": "",
  "selectedTemplate": "Smooth Samples",
  "selectedTemplateId": 4
}